year,1,2,3,4,5,6,7,8,9,10,11,12
1940,1.29,0.424,-1.52,-0.937,0.42,-0.084,0.908,-0.317,-0.37,0.378,0.733,-0.506
1941,0.094,0.7,0.554,0.043,-0.103,0.286,0.331,1.599,-0.127,0.597,0.823,1.643
1942,0.92,1.417,2.045,0.743,-0.012,1.08,-0.456,-0.372,0.226,0.685,1.533,0.162
1943,-1.051,1.035,1.815,0.333,0.862,-0.05,-0.263,0.018,1.013,2.588,2.413,3.094
1944,1.304,-0.069,0.686,-1.037,0.143,0.28,0.479,0.215,0.32,0.381,1.01,0.662
1945,-3.264,-0.833,-0.546,-1.087,-0.241,0.603,-0.23,0.518,0.133,-0.515,-0.533,-0.954
1946,0.23,0.621,-0.326,-0.02,-0.241,0.596,0.841,-0.201,0.113,-0.119,0.117,-1.786
1947,0.217,-0.179,-0.217,0.387,0.01,0.183,0.344,0.46,0.026,-0.803,0.55,-0.115
1948,-0.79,-1.332,-0.965,0.517,0.626,-0.564,0.515,-0.246,0.486,-0.161,-0.3,0.459
1949,-0.619,-0.215,0.603,1.033,1.246,0.14,-0.14,0.583,0.253,-0.741,-1.757,0.323
1950,-0.386,-2.475,-0.333,0.15,-0.035,-0.627,-0.688,-0.114,0.043,0.172,-0.7,-1.296
1951,-0.351,-0.283,0.286,-1.31,-0.745,0.29,0.099,-0.346,-0.12,-0.109,1.083,0.949
1952,0.227,0.158,0.061,0.09,0.649,0.466,-0.134,-0.265,-0.59,-0.751,-0.197,-0.522
1953,-0.509,0.653,1.151,-0.797,-0.754,0.26,-0.243,-0.472,-0.71,0.217,0.69,2.62
1954,-0.551,-0.436,1.222,0.367,0.355,0.086,0.466,0.599,0.08,-0.648,0.39,1.162
1955,0.207,0.371,1.625,-0.093,0.949,-0.26,-0.217,-0.336,-0.71,0.739,0.273,-0.041
1956,-0.673,0.141,0.938,0.007,-1.077,0.303,-0.64,-0.543,0.746,-0.906,-0.463,0.446
1957,-0.364,-0.775,-0.272,-0.433,-0.067,0.17,0.715,0.699,-0.497,-0.786,0.843,0.517
1958,1.533,1.007,0.525,0.717,0.852,0.68,-0.037,0.17,0.166,0.207,0.243,0.394
1959,-0.341,0.282,0.509,0.947,0.626,0.05,-0.25,0.151,-0.207,0.191,-1.097,-1.064
1960,-0.777,1.131,-1.394,-0.29,0.036,-0.034,-0.063,0.28,-0.187,-0.009,0.723,-0.419
1961,0.188,-1.193,0.996,-0.583,-0.467,-0.04,0.099,0.341,-0.43,-1.341,-1.287,-0.686
1962,-0.912,0.875,-0.107,-0.16,0.339,0.15,0.247,-0.827,-0.277,-1.199,-0.64,-0.977
1963,0.559,1.746,0.299,-0.433,-0.909,-0.77,-0.146,0.044,0.096,0.288,0.277,0.72
1964,-2.332,0.048,1.067,1.113,0.223,-0.1,0.131,0.393,-0.317,-0.622,-1.07,-1.083
1965,1.988,1.328,0.193,-1.117,-0.486,-0.1,0.257,0.122,-0.357,0.436,0.663,-1.312
1966,0.959,1.771,-0.265,-0.47,0.907,-0.557,0.173,0.202,0.696,0.572,-0.48,-0.809
1967,-1.909,0.517,-0.359,-0.657,0.91,0.06,0.518,-0.178,-0.077,0.488,0.44,-1.241
1968,-1.609,-1.618,-0.03,-0.07,-0.119,-0.187,0.637,-0.004,-0.397,-0.167,0.847,0.191
1969,0.223,-0.25,1.109,1.133,0.21,0.063,0.16,-0.211,-0.207,0.314,0.48,1.217
1970,0.481,0.828,-0.552,0.677,0.149,0.33,0.434,0.822,0.493,-0.028,-0.67,-0.048
1971,-0.593,0.7,0.519,1.9,0.346,0.826,0.237,0.986,0.853,-0.141,0.47,0.743
1972,1.043,-3.069,0.012,-0.35,0.42,0.31,0.276,0.041,0.236,0.623,0.21,0.198
1973,-0.767,0.632,0.483,0.97,0.288,0.223,-0.256,0.354,-0.26,0.633,-0.547,-0.844
1974,0.217,-1.15,1.619,-0.333,-0.151,0.256,0.099,0.357,0.296,1.133,-0.937,-0.248
1975,-0.586,-0.847,-1.117,0.173,-0.164,-0.827,0.154,0.396,-0.017,0.101,-0.81,0.888
1976,0.181,0.037,-0.485,-0.713,-0.196,-0.384,0.008,0.667,-0.544,0.072,1.057,0.152
1977,-0.606,1.05,1.645,0.413,0.252,-0.194,-0.137,-0.301,-0.457,0.494,1.633,1.381
1978,-0.115,-0.236,-0.659,-0.21,-0.183,0.166,-0.617,-0.52,-0.534,-0.083,-0.187,0.546
1979,0.198,-0.997,-1.61,-0.32,-0.19,0.466,-0.214,-0.733,0.256,-0.261,0.76,0.049
1980,-0.944,0.22,0.028,0.667,0.085,0.546,-0.079,-0.062,-0.574,-0.322,-1.047,-0.606
1981,0.343,0.385,-0.362,-0.067,-0.186,-0.024,-0.779,-0.575,0.23,-0.161,-0.8,0.407
1982,-0.135,-0.94,-1.272,-0.29,0.001,0.283,0.634,0.251,0.523,0.559,0.173,0.349
1983,0.259,-0.972,-1.136,-1.917,-0.261,0.163,0.563,0.006,0.313,-0.499,-0.893,-0.044
1984,-0.557,-1.604,0.58,0.7,-0.028,-0.71,-0.94,-0.791,-0.587,-1.248,-0.517,0.436
1985,0.162,0.582,1.393,-0.703,-0.122,-0.774,-1.205,-0.649,-0.867,-0.154,0.013,0.056
1986,-0.215,-0.708,-0.707,0.23,0.21,0.32,-0.317,-0.843,-1.014,-0.283,0.29,-1.422
1987,0.662,0.917,0.18,0.023,-0.522,0.373,0.55,0.918,-0.027,0.768,0.9,0.246
1988,1.849,1.748,-0.046,0.397,0.236,0.393,0.002,0.18,2.526,0.185,0.117,0.881
1989,0.127,-0.043,-0.439,0.003,-0.225,0.153,-0.388,-0.298,0.223,-0.009,0.887,0.439
1990,1.843,0.242,-0.978,-0.007,-0.367,-0.41,-0.101,-0.088,0.203,-0.145,0.667,0.42
1991,0.072,-0.458,0.312,-0.177,-0.796,-0.047,-0.488,-0.204,-0.72,-0.141,0.237,1.262
1992,0.139,-0.535,-1.281,-1.58,0.23,0.066,-0.33,-0.214,-0.17,0.191,-0.11,1.33
1993,1.559,1.9,-0.178,-0.057,0.072,-0.184,0.531,0.744,0.246,1.297,0.207,0.936
1994,1.046,0.171,1.306,-0.143,-0.309,0.166,-0.975,-0.498,-0.444,-0.064,1.167,0.249
1995,-0.132,0.621,-1.097,-0.597,-0.454,-0.31,-0.011,0.067,-0.094,1.317,-0.103,0.662
1996,0.027,0.5,0.848,0.243,0.175,0.506,-0.121,-1.172,-0.657,-0.167,-1.033,-0.441
1997,-0.377,0.132,-0.597,-1.607,-0.522,-0.08,0.979,1.096,0.476,-0.419,0.033,-0.757
1998,0.356,-0.765,0.415,0.433,0.659,0.44,-0.175,0.486,1.376,1.085,0.207,1.798
1999,0.456,1.139,0.054,0.653,-0.315,-0.354,-0.14,0.109,0.07,1.294,0.673,0.514
2000,0.652,-0.007,0.199,0.78,0.02,-0.4,-0.124,0.112,0.256,0.404,0.51,0.73
2001,0.178,0.892,0.58,-0.1,-0.106,-0.567,-0.572,-0.304,0.243,0.668,0.857,2.21
2002,0.804,-0.211,0.903,0.417,0.088,-0.05,-0.75,-0.34,-1.28,0.752,0.5,0.92
2003,1.223,1.01,0.303,1.45,-0.509,-0.374,-0.14,0.009,-0.19,0.414,-0.707,-0.096
2004,0.275,0.882,2.041,0.92,-0.186,-0.364,-0.905,-0.185,-0.304,-0.538,0.587,1.381
2005,-0.154,-0.45,0.196,-0.13,-0.432,0.33,-0.134,-0.204,1.09,0.417,0.573,-0.067
2006,-0.251,2.782,0.199,-0.247,-0.638,-0.764,-0.298,-0.82,0.916,1.101,1.52,-0.296
2007,1.227,1.592,-0.41,0.557,0.085,0.726,0.957,0.477,1.43,0.443,1.047,-0.209
2008,-0.977,-1.704,1.103,-0.093,-0.803,0.186,-0.33,-0.03,0.846,0.749,0.233,0.201
2009,1.323,1.764,1.054,0.63,0.623,0.276,0.112,0.638,0.273,0.394,0.24,1.114
2010,1.456,0.332,1.774,0.947,0.643,-0.56,0.418,0.389,0.576,0.53,0.883,-0.161
2011,0.488,0.55,0.657,0.18,-0.167,-0.26,-0.114,0.644,0.036,-0.448,1.283,0.498
2012,-0.141,-1.287,-0.426,0.147,-0.132,-0.757,-0.095,0.199,0.616,0.307,1.0,0.888
2013,0.559,0.471,0.703,-0.297,-0.122,0.636,-0.185,-0.198,0.503,1.285,0.55,0.478
2014,-0.848,-0.229,-0.068,-0.137,-0.025,0.48,0.125,0.68,0.946,0.833,0.767,0.478
2015,0.53,1.4,-0.062,1.01,0.381,1.373,-0.272,0.222,1.15,1.288,1.117,0.33
2016,2.227,1.306,1.325,-0.033,0.165,0.093,0.37,0.444,0.103,-0.083,0.287,2.356
2017,-0.27,0.5,-0.21,0.013,-0.074,0.086,-0.143,0.325,-0.097,0.526,-0.27,-0.261
2018,1.223,1.357,1.054,0.447,0.694,-0.324,0.066,-0.456,-0.687,0.452,1.09,0.378
2019,0.614,-0.686,-0.939,-0.303,-0.525,0.406,0.441,0.135,1.676,1.036,-0.08,-0.044
2020,-1.354,0.717,-0.914,-0.25,-0.035,0.363,1.566,1.744,1.31,0.91,-1.013,-0.415
2021,-1.09,1.367,1.07,0.693,0.707,-0.154,0.179,-0.469,1.826,-0.932,0.263,0.152
2022,-1.335,0.739,1.07,0.523,-0.364,-0.9,-0.669,-0.059,0.506,0.055,0.673,1.065
2023,-1.212,0.889,0.561,-1.037,-0.406,0.253,0.937,-0.449,0.626,1.004,1.057,1.146
2024,1.107,1.317,-0.452,-0.263,0.607,0.883,2.163,0.98,0.466,2.323,2.243,0.339
2025,0.71,2.146,1.809,1.46,0.623,0.07,0.657,0.399,0.273,1.462,-0.507,1.104
