year,tmean,tmax,tmin,dtr,hot_days_fixed,hot_days_pct,precip_total,rx1day,heavy_rain_days,wet_days,longest_dry_spell,tmean_anomaly,tmax_anomaly,tmin_anomaly
1940,10.023,13.436,6.538,6.898,0,26,473.8,18.3,0,109,26,0.179,0.141,0.14
1941,9.906,13.028,6.711,6.316,0,26,512.3,28.5,1,109,29,0.062,-0.268,0.313
1942,9.504,12.764,6.283,6.48,0,17,505.8,17.4,0,102,24,-0.339,-0.532,-0.115
1943,10.399,14.033,6.761,7.272,1,17,431.9,14.7,0,105,20,0.556,0.737,0.363
1944,9.875,13.377,6.425,6.951,0,30,456.9,21.0,1,103,17,0.031,0.081,0.028
1945,10.661,14.171,7.221,6.95,0,26,497.8,30.8,1,99,22,0.817,0.875,0.823
1946,10.047,13.4,6.724,6.675,0,14,600.7,32.2,3,129,17,0.204,0.104,0.327
1947,10.636,14.339,6.912,7.427,5,68,368.3,17.6,0,95,32,0.792,1.044,0.515
1948,10.665,14.167,7.261,6.907,2,15,572.6,20.1,1,127,29,0.821,0.872,0.863
1949,10.969,14.672,7.266,7.406,0,39,491.6,22.2,2,86,29,1.126,1.376,0.868
1950,10.009,13.435,6.538,6.897,0,20,604.8,18.1,0,129,19,0.166,0.139,0.14
1951,9.8,13.234,6.292,6.942,0,17,716.3,18.6,0,147,15,-0.044,-0.062,-0.106
1952,9.702,13.17,6.145,7.025,1,24,673.7,18.2,0,134,25,-0.142,-0.126,-0.253
1953,9.972,13.505,6.545,6.96,0,16,506.0,27.7,2,100,34,0.129,0.21,0.147
1954,9.486,12.815,6.032,6.783,0,5,570.2,17.2,0,123,18,-0.358,-0.481,-0.366
1955,9.388,13.174,5.622,7.552,0,33,527.8,25.8,4,110,29,-0.455,-0.122,-0.776
1956,8.948,12.523,5.368,7.156,0,8,511.9,25.8,1,105,26,-0.896,-0.772,-1.03
1957,10.401,14.0,6.819,7.181,1,23,503.3,16.1,0,113,23,0.558,0.704,0.421
1958,9.772,13.293,6.263,7.03,0,12,666.1,19.6,0,134,26,-0.072,-0.003,-0.135
1959,10.878,14.731,7.131,7.6,1,47,504.8,12.6,0,106,48,1.034,1.435,0.733
1960,10.146,13.577,6.772,6.805,0,14,687.0,26.4,2,148,14,0.303,0.281,0.374
1961,10.736,14.504,6.979,7.525,0,26,510.8,15.3,0,106,28,0.893,1.209,0.581
1962,8.838,12.379,5.299,7.08,0,4,542.5,31.2,2,110,24,-1.006,-0.917,-1.099
1963,8.47,11.955,5.003,6.952,0,10,562.5,17.1,0,130,26,-1.374,-1.341,-1.395
1964,9.757,13.277,6.301,6.975,0,25,531.2,38.3,1,112,19,-0.087,-0.019,-0.096
1965,9.389,12.987,5.82,7.167,0,3,612.7,32.3,3,137,15,-0.455,-0.309,-0.578
1966,9.908,13.323,6.458,6.865,0,9,698.3,31.9,3,144,14,0.065,0.028,0.06
1967,9.999,13.398,6.578,6.82,0,11,652.4,19.8,0,127,14,0.155,0.103,0.18
1968,9.544,12.76,6.296,6.464,0,5,784.8,33.5,3,151,14,-0.3,-0.536,-0.102
1969,9.727,13.136,6.213,6.924,0,26,561.9,18.2,0,126,21,-0.116,-0.16,-0.185
1970,9.774,13.329,6.151,7.178,0,22,685.7,19.4,0,150,15,-0.07,0.033,-0.247
1971,9.991,13.4,6.681,6.719,0,10,626.7,23.3,4,117,31,0.147,0.104,0.283
1972,9.637,12.788,6.52,6.269,0,7,660.5,18.3,0,144,19,-0.206,-0.507,0.122
1973,9.802,13.373,6.268,7.105,0,23,509.9,43.9,1,109,18,-0.042,0.077,-0.13
1974,9.844,13.188,6.536,6.652,0,2,797.5,27.5,3,138,22,0.0,-0.108,0.138
1975,10.03,13.641,6.406,7.235,1,31,619.4,27.6,3,123,29,0.187,0.346,0.008
1976,10.384,14.0,6.795,7.205,4,52,525.8,24.7,1,98,37,0.54,0.704,0.398
1977,9.753,13.028,6.55,6.479,0,9,670.8,31.8,2,135,19,-0.09,-0.267,0.152
1978,9.667,13.007,6.347,6.66,0,6,665.3,30.3,1,140,20,-0.177,-0.289,-0.051
1979,9.306,12.726,5.875,6.851,0,14,773.8,23.1,2,140,22,-0.538,-0.569,-0.522
1980,9.599,12.881,6.318,6.563,0,7,639.1,21.6,2,120,18,-0.245,-0.415,-0.08
1981,9.573,12.862,6.214,6.648,0,16,674.0,28.3,1,128,21,-0.27,-0.433,-0.184
1982,10.331,13.835,6.784,7.051,0,26,710.4,23.5,3,137,20,0.488,0.54,0.386
1983,10.378,13.971,6.859,7.111,0,44,597.2,20.2,1,125,22,0.534,0.675,0.462
1984,10.061,13.613,6.534,7.079,0,30,614.1,20.0,1,114,23,0.217,0.317,0.136
1985,9.313,12.672,6.065,6.607,0,14,650.6,21.2,2,129,21,-0.531,-0.624,-0.333
1986,9.217,12.617,5.738,6.879,0,13,673.4,19.3,0,139,26,-0.627,-0.679,-0.66
1987,9.537,12.845,6.242,6.602,0,13,698.6,34.0,3,126,18,-0.307,-0.451,-0.156
1988,10.239,13.54,7.011,6.529,0,7,572.7,24.0,1,128,22,0.395,0.245,0.614
1989,11.228,14.877,7.53,7.346,1,45,536.7,21.6,1,105,31,1.384,1.581,1.133
1990,11.276,14.958,7.563,7.395,3,37,448.3,21.9,1,109,22,1.433,1.662,1.165
1991,9.91,13.339,6.554,6.786,0,20,555.5,28.4,1,113,26,0.066,0.044,0.156
1992,10.303,13.794,6.881,6.913,0,24,701.9,23.1,2,128,17,0.46,0.498,0.483
1993,10.063,13.506,6.678,6.828,0,13,640.9,23.6,1,122,26,0.22,0.211,0.281
1994,10.867,14.23,7.407,6.824,1,29,627.2,19.2,0,125,16,1.024,0.935,1.009
1995,10.89,14.571,7.306,7.264,1,48,542.3,20.6,1,107,33,1.047,1.275,0.909
1996,9.54,12.972,6.14,6.833,0,23,500.8,33.9,1,104,24,-0.303,-0.323,-0.258
1997,10.893,14.47,7.365,7.105,0,32,539.5,16.3,0,117,31,1.049,1.174,0.967
1998,10.644,13.98,7.322,6.658,0,16,735.2,25.7,2,140,21,0.801,0.684,0.924
1999,10.963,14.339,7.575,6.764,0,31,637.5,30.1,2,131,13,1.119,1.043,1.177
2000,10.634,13.935,7.316,6.619,0,11,860.1,33.4,3,149,19,0.79,0.639,0.918
2001,10.283,13.694,6.789,6.904,0,24,744.1,21.6,1,143,23,0.439,0.398,0.392
2002,11.088,14.362,7.781,6.581,0,14,720.3,22.8,1,137,29,1.244,1.066,1.384
2003,10.967,14.708,7.213,7.495,4,37,552.8,27.1,1,97,24,1.124,1.412,0.815
2004,10.817,14.161,7.403,6.758,0,26,608.0,24.2,2,133,17,0.973,0.865,1.005
2005,10.821,14.356,7.362,6.994,0,29,509.9,15.1,0,111,18,0.977,1.061,0.965
2006,11.314,14.679,7.943,6.736,1,42,626.3,22.5,1,130,20,1.47,1.383,1.545
2007,10.966,14.399,7.484,6.915,0,4,646.7,32.2,2,116,28,1.122,1.104,1.086
2008,10.404,13.79,6.972,6.818,0,16,674.7,26.7,4,126,20,0.561,0.494,0.574
2009,10.515,13.917,7.052,6.865,0,15,619.3,19.5,0,119,19,0.672,0.622,0.655
2010,9.36,12.745,5.939,6.806,0,22,587.7,25.9,1,120,20,-0.483,-0.55,-0.459
2011,11.268,14.769,7.798,6.971,0,19,473.2,25.8,1,93,24,1.425,1.474,1.4
2012,10.139,13.507,6.839,6.669,0,20,860.0,33.6,4,144,15,0.295,0.211,0.441
2013,9.941,13.313,6.551,6.762,1,29,635.2,19.4,0,131,22,0.097,0.018,0.153
2014,11.5,14.973,8.071,6.902,0,24,782.0,18.0,0,147,16,1.657,1.678,1.673
2015,10.967,14.332,7.521,6.812,1,17,637.6,22.6,3,136,14,1.124,1.037,1.123
2016,10.867,14.295,7.481,6.814,0,27,582.5,22.0,1,117,17,1.024,0.999,1.083
2017,11.177,14.755,7.604,7.152,1,28,659.8,26.3,2,136,21,1.333,1.459,1.206
2018,11.455,15.432,7.551,7.881,4,58,615.3,15.9,0,127,33,1.611,2.136,1.153
2019,11.092,14.974,7.253,7.721,6,39,828.8,31.4,2,147,15,1.249,1.678,0.855
2020,11.644,15.531,7.799,7.733,7,39,764.8,31.8,4,141,28,1.801,2.236,1.401
2021,10.757,14.366,7.099,7.267,0,24,783.0,34.0,4,135,17,0.913,1.071,0.702
2022,11.939,16.082,7.805,8.278,8,60,662.8,29.2,5,119,23,2.096,2.787,1.407
2023,11.647,15.553,7.888,7.665,2,45,781.0,27.3,2,141,23,1.804,2.258,1.491
2024,11.724,15.311,8.292,7.019,1,38,893.6,48.7,3,147,23,1.88,2.015,1.895
2025,12.416,16.033,9.001,7.032,7,64,613.4,26.7,3,105,22,2.572,2.738,2.604
