month,tmax_base,tmin_base,tmean_base,precip_base,tmax_recent,tmin_recent,tmean_recent,precip_recent,tmax_change,tmin_change,tmean_change,precip_change
1,6.204,1.133,3.698,54.51,7.357,2.171,4.784,55.267,1.154,1.038,1.085,0.757
2,6.776,0.968,3.788,41.513,7.95,2.002,4.93,46.74,1.174,1.034,1.143,5.227
3,9.328,2.284,5.699,52.373,10.48,3.318,6.811,43.163,1.152,1.034,1.112,-9.21
4,12.018,4.054,8.017,54.333,13.507,5.123,9.269,49.017,1.489,1.069,1.252,-5.317
5,15.721,7.382,11.627,59.25,16.642,8.313,12.549,52.09,0.92,0.932,0.922,-7.16
6,18.899,10.557,14.845,55.65,19.561,11.333,15.558,56.383,0.662,0.776,0.712,0.733
7,20.78,12.664,16.799,48.587,21.754,13.505,17.692,55.32,0.974,0.841,0.892,6.733
8,20.415,12.494,16.442,52.457,21.395,13.454,17.394,61.033,0.98,0.96,0.952,8.577
9,17.998,10.653,14.252,48.853,18.63,11.186,14.822,48.327,0.631,0.533,0.57,-0.527
10,14.381,8.063,11.125,51.973,14.632,8.411,11.457,59.773,0.251,0.347,0.333,7.8
11,9.508,3.954,6.741,54.513,10.389,4.928,7.677,63.54,0.881,0.974,0.936,9.027
12,7.109,2.201,4.694,52.907,7.656,2.691,5.207,58.343,0.547,0.491,0.514,5.437
