city,metric,label,unit,start_year,end_year,n_years,slope_per_decade,ci_low_per_decade,ci_high_per_decade,stderr_per_decade,r_squared,p_value,residual_lag1_autocorr,mk_trend,mk_tau,mk_p_value,mk_p_value_autocorr_adjusted,sen_slope_per_decade
Karachi,tmean,Annual mean temperature,°C,1960,2025,66,0.20809,0.17226,0.24391,0.017933,0.67781,2.1775e-17,0.095232,increasing,0.61678,2.5535e-13,1.1024e-07,0.21063
Karachi,tmax,Annual mean of daily maximum,°C,1960,2025,66,0.16963,0.12241,0.21684,0.023633,0.44596,9.0797e-10,0.055811,increasing,0.48345,9.8477e-09,1.4915e-07,0.17626
Karachi,tmin,Annual mean of daily minimum,°C,1960,2025,66,0.2264,0.18461,0.26818,0.020917,0.6467,4.2564e-16,0.17233,increasing,0.59207,2.1734e-12,2.1347e-11,0.22681
Karachi,dtr,Diurnal range (Tmax minus Tmin),°C,1960,2025,66,-0.056772,-0.10347,-0.010076,0.023375,0.084393,0.017969,0.14483,decreasing,-0.18601,0.027625,0.022352,-0.060639
Karachi,hot_days_fixed,Days above fixed heat threshold,days,1960,2025,66,0.090387,-0.20495,0.38572,0.14783,0.005807,0.54309,-0.22478,no trend,0.022378,0.79178,0.78608,0
Karachi,hot_days_pct,Days above baseline 95th percentile,days,1960,2025,66,1.3291,0.27592,2.3823,0.52718,0.090341,0.0142,-0.050456,increasing,0.17529,0.037653,0.0098317,1.25
Karachi,precip_total,Annual rainfall,mm,1960,2025,66,1.4956,-12.974,15.965,7.243,0.00066578,0.83706,-0.096553,no trend,0.021911,0.79906,0.8163,1.9565
Karachi,rx1day,Heaviest rain day of the year,mm,1960,2025,66,-0.023505,-3.916,3.869,1.9485,2.2738e-06,0.99041,0.10556,no trend,0.027506,0.74822,0.7145,0.59615
Karachi,heavy_rain_days,Days with heavy rain,days,1960,2025,66,-0.031312,-0.27215,0.20953,0.12056,0.001053,0.79591,-0.065109,no trend,-0.04662,0.57436,0.61226,0
Karachi,longest_dry_spell,Longest dry spell,days,1960,2025,66,-2.5198,-8.0878,3.0483,2.7872,0.01261,0.36936,0.10039,no trend,-0.065734,0.43833,0.29224,-2.3256
Karachi,tmean,Annual mean temperature,°C,1940,2025,86,0.1461,0.11748,0.17471,0.014389,0.55103,2.8652e-16,0.35653,increasing,0.54145,1.612e-13,2.149e-07,0.15972
Karachi,tmax,Annual mean of daily maximum,°C,1940,2025,86,0.10275,0.066653,0.13886,0.018154,0.2761,2.0519e-07,0.25726,increasing,0.38085,2.1228e-07,3.4976e-05,0.11077
Karachi,tmin,Annual mean of daily minimum,°C,1940,2025,86,0.14576,0.11239,0.17912,0.016779,0.47323,2.532e-13,0.40218,increasing,0.47387,1.0722e-10,0.0001628,0.15119
Karachi,dtr,Diurnal range (Tmax minus Tmin),°C,1940,2025,86,-0.043004,-0.076236,-0.0097714,0.016711,0.073073,0.011829,0.13349,decreasing,-0.19453,0.0080924,0.014051,-0.046829
Karachi,hot_days_fixed,Days above fixed heat threshold,days,1940,2025,86,-0.14916,-0.36806,0.069744,0.11008,0.021391,0.17904,-0.22361,no trend,-0.091929,0.2052,0.078523,0
Karachi,hot_days_pct,Days above baseline 95th percentile,days,1940,2025,86,0.63692,-0.10711,1.3809,0.37414,0.033349,0.092391,-0.036289,no trend,0.14036,0.055821,0.055821,0.71429
Karachi,precip_total,Annual rainfall,mm,1940,2025,86,-9.0894,-19.542,1.3628,5.256,0.034378,0.087424,-0.10004,no trend,-0.113,0.12437,0.025636,-8.0308
Karachi,rx1day,Heaviest rain day of the year,mm,1940,2025,86,-1.4165,-4.0183,1.1853,1.3084,0.013762,0.28207,-0.0017718,no trend,-0.071135,0.33401,0.042267,-1.1304
Karachi,heavy_rain_days,Days with heavy rain,days,1940,2025,86,-0.19378,-0.36589,-0.021677,0.086546,0.056322,0.027794,-0.092784,decreasing,-0.17565,0.014905,0.0059871,-0.14925
Karachi,longest_dry_spell,Longest dry spell,days,1940,2025,86,0.28332,-3.3212,3.8878,1.8126,0.00029076,0.87617,0.15711,no trend,0.0079343,0.9168,0.9168,0
Karachi,tmean,Annual mean temperature,°C,1979,2025,47,0.26378,0.20532,0.32224,0.029025,0.6473,9.528e-12,0.028084,increasing,0.60777,1.7898e-09,3.5788e-08,0.26844
Karachi,tmax,Annual mean of daily maximum,°C,1979,2025,47,0.21419,0.13993,0.28844,0.036869,0.42856,5.9862e-07,0.023306,increasing,0.48381,1.6931e-06,3.2208e-05,0.22432
Karachi,tmin,Annual mean of daily minimum,°C,1979,2025,47,0.32324,0.25819,0.3883,0.032299,0.69,5.0716e-13,-0.010172,increasing,0.6309,4.2288e-10,0,0.31918
Karachi,dtr,Diurnal range (Tmax minus Tmin),°C,1979,2025,47,-0.10906,-0.18287,-0.035245,0.036649,0.16443,0.0046884,0.11099,decreasing,-0.25069,0.013286,0.013286,-0.11431
Karachi,hot_days_fixed,Days above fixed heat threshold,days,1979,2025,47,0.14454,-0.39281,0.68189,0.26679,0.0064803,0.59065,-0.24161,no trend,0.062905,0.53283,0.53283,0
Karachi,hot_days_pct,Days above baseline 95th percentile,days,1979,2025,47,2.2468,0.385,4.1085,0.92436,0.11605,0.019123,-0.070049,increasing,0.24792,0.014161,,2.1429
Karachi,precip_total,Annual rainfall,mm,1979,2025,47,4.9578,-19.188,29.103,11.988,0.0037862,0.68117,-0.11351,no trend,0.015726,0.88335,0.88335,2.4444
Karachi,rx1day,Heaviest rain day of the year,mm,1979,2025,47,-3.7177,-10.413,2.9775,3.3242,0.027044,0.26933,0.062101,no trend,-0.037928,0.71375,0.64563,-1.375
Karachi,heavy_rain_days,Days with heavy rain,days,1979,2025,47,-0.10523,-0.53296,0.3225,0.21237,0.0054263,0.62266,-0.07922,no trend,-0.062905,0.5285,0.5024,0
Karachi,longest_dry_spell,Longest dry spell,days,1979,2025,47,-5.4556,-15.369,4.4582,4.9222,0.026574,0.27359,0.13979,no trend,-0.098982,0.33088,0.33088,-5
London,tmean,Annual mean temperature,°C,1960,2025,66,0.32905,0.26252,0.39558,0.033304,0.60401,1.692e-14,0.14639,increasing,0.5655,1.9821e-11,2.2204e-16,0.33306
London,tmax,Annual mean of daily maximum,°C,1960,2025,66,0.38205,0.30335,0.46074,0.039393,0.59509,3.4755e-14,0.089242,increasing,0.5627,2.487e-11,6.6613e-16,0.39452
London,tmin,Annual mean of daily minimum,°C,1960,2025,66,0.30821,0.24696,0.36947,0.030661,0.61224,8.5852e-15,0.20722,increasing,0.57296,1.0765e-11,1.0765e-11,0.30137
London,dtr,Diurnal range (Tmax minus Tmin),°C,1960,2025,66,0.073834,0.028589,0.11908,0.022648,0.14241,0.0017866,0.14414,increasing,0.2317,0.0060526,0.01129,0.072329
London,hot_days_fixed,Days above fixed heat threshold,days,1960,2025,66,0.33963,0.14632,0.53294,0.096765,0.16142,0.00082676,0.10143,increasing,0.22984,0.00093388,0.0066582,0
London,hot_days_pct,Days above baseline 95th percentile,days,1960,2025,66,4.2058,2.7223,5.6894,0.74262,0.33385,3.7788e-07,-0.067748,increasing,0.41538,8.2725e-07,1.0812e-08,4.2857
London,precip_total,Annual rainfall,mm,1960,2025,66,9.7062,-2.3351,21.747,6.0275,0.03894,0.11225,0.073748,no trend,0.11002,0.19342,0.19342,9.0702
London,rx1day,Heaviest rain day of the year,mm,1960,2025,66,-0.3608,-1.1282,0.40665,0.38416,0.013595,0.35116,-0.078331,no trend,-0.040093,0.63802,0.57098,-0.2
London,heavy_rain_days,Days with heavy rain,days,1960,2025,66,0.052395,-0.10716,0.21195,0.079866,0.0066799,0.51415,-0.25092,no trend,0.033566,0.68373,0.56746,0
London,longest_dry_spell,Longest dry spell,days,1960,2025,66,0.1885,-0.5197,0.89669,0.3545,0.0043983,0.59675,0.051957,no trend,0.062937,0.45711,0.45711,0.21739
London,tmean,Annual mean temperature,°C,1940,2025,86,0.21453,0.16533,0.26372,0.024738,0.47238,2.7121e-13,0.32534,increasing,0.47907,6.6997e-11,2.3735e-06,0.22154
London,tmax,Annual mean of daily maximum,°C,1940,2025,86,0.21628,0.15385,0.27871,0.031394,0.36103,9.5834e-10,0.34232,increasing,0.40684,2.981e-08,0.00054162,0.22683
London,tmin,Annual mean of daily minimum,°C,1940,2025,86,0.22409,0.18159,0.26658,0.02137,0.56692,6.222e-17,0.32746,increasing,0.54583,1.0281e-13,1.5242e-07,0.22287
London,dtr,Diurnal range (Tmax minus Tmin),°C,1940,2025,86,-0.0078079,-0.042601,0.026986,0.017496,0.0023652,0.65656,0.27505,no trend,-0.022982,0.75688,0.8742,-0.0055822
London,hot_days_fixed,Days above fixed heat threshold,days,1940,2025,86,0.19407,0.067647,0.32048,0.063572,0.099862,0.0030364,0.159,increasing,0.16799,0.0047208,0.029392,0
London,hot_days_pct,Days above baseline 95th percentile,days,1940,2025,86,2.0045,0.85771,3.1513,0.57669,0.12575,0.00080833,-0.0064933,increasing,0.26539,0.00029825,0.0027107,2.1818
London,precip_total,Annual rainfall,mm,1940,2025,86,18.399,10.436,26.361,4.0042,0.20086,1.5105e-05,0.086688,increasing,0.29767,5.0269e-05,5.17e-06,18.4
London,rx1day,Heaviest rain day of the year,mm,1940,2025,86,0.28804,-0.23221,0.80829,0.26161,0.014226,0.27403,-0.0063009,no trend,0.11026,0.13372,0.058455,0.4
London,heavy_rain_days,Days with heavy rain,days,1940,2025,86,0.11538,0.010105,0.22066,0.05294,0.053523,0.032095,-0.22192,increasing,0.15321,0.030498,0.057974,0
London,longest_dry_spell,Longest dry spell,days,1940,2025,86,-0.32898,-0.85947,0.20152,0.26677,0.017783,0.22094,0.0065131,no trend,-0.070041,0.34036,0.34036,-0.22727
London,tmean,Annual mean temperature,°C,1979,2025,47,0.4001,0.28823,0.51198,0.055547,0.53552,5.1007e-09,0.09651,increasing,0.54302,7.7058e-08,7.7058e-08,0.39611
London,tmax,Annual mean of daily maximum,°C,1979,2025,47,0.49965,0.36805,0.63125,0.065341,0.56511,1.1313e-09,0.014083,increasing,0.55597,3.7493e-08,4.7911e-11,0.51015
London,tmin,Annual mean of daily minimum,°C,1979,2025,47,0.33906,0.2368,0.44132,0.050771,0.49776,3.0619e-08,0.16789,increasing,0.52821,1.7213e-07,3.6661e-09,0.3476
London,dtr,Diurnal range (Tmax minus Tmin),°C,1979,2025,47,0.16059,0.089323,0.23185,0.035382,0.31401,4.1996e-05,-0.026322,increasing,0.42461,2.6684e-05,5.8074e-06,0.16648
London,hot_days_fixed,Days above fixed heat threshold,days,1979,2025,47,0.5666,0.21409,0.91912,0.17503,0.1889,0.0022681,0.029756,increasing,0.25809,0.0033449,0.0033449,0
London,hot_days_pct,Days above baseline 95th percentile,days,1979,2025,47,4.1443,1.6418,6.6468,1.2425,0.19823,0.001713,-0.052007,increasing,0.31267,0.0019785,0.00078487,4.5
London,precip_total,Annual rainfall,mm,1979,2025,47,13.452,-7.5672,34.471,10.436,0.035608,0.20398,0.13623,no trend,0.097132,0.34022,0.34022,11.5
London,rx1day,Heaviest rain day of the year,mm,1979,2025,47,0.26804,-0.80708,1.3432,0.53379,0.005572,0.61802,0.021244,no trend,0.056429,0.58206,0.084051,0.225
London,heavy_rain_days,Days with heavy rain,days,1979,2025,47,0.12373,-0.13532,0.38278,0.12862,0.02015,0.3412,-0.21739,no trend,0.043478,0.65779,0.65779,0
London,longest_dry_spell,Longest dry spell,days,1979,2025,47,-0.14454,-1.2288,0.93974,0.53835,0.0015994,0.78955,-0.055215,no trend,-0.038853,0.70603,0.70603,0
